קטגוריה,נושא ראשי
משכורת,משכורת
קצבה,משכורת
החזר מס,משכורת
שכר דירה,דיור
ארנונה,דיור
חשמל,דיור
מים,דיור
ועד בית,דיור
סופרמרקט,מזון
ירקות ופירות,מזון
מאפייה,מזון
מסעדות,ארוחות
משלוחי אוכל,ארוחות
בתי קפה,ארוחות
דלק,רכב
חניה,רכב
ביטוח רכב,רכב
טיפול לרכב,רכב
תחבורה ציבורית,רכב
מוניות,רכב
קופת חולים,בריאות
בית מרקחת,בריאות
רופא שיניים,בריאות
חדר כושר,בריאות
ביטוח חיים,ביטוח
ביטוח בריאות,ביטוח
סלולר,תקשורת
אינטרנט,תקשורת
מנויים דיגיטליים,תקשורת
ביגוד והנעלה,ביגוד
חוגים,ילדים
דמי כיס,ילדים
ציוד לבית הספר,ילדים
תרומות,צדקה
קולנוע והופעות,פנאי
ספרים,פנאי
חופשות ומלונות,פנאי
כלי בית וריהוט,בית
קניות אונליין,בית
קורסים,לימודים
מתנות,משפחה
עמלות בנק,עמלות וריבית
דמי כרטיס,עמלות וריבית
ריבית הלוואה,עמלות וריבית
משיכת מזומן,מזומן
משיכת חסכון,חסכונות והלוואות
לקיחת הלוואה,חסכונות והלוואות
פרעון הלוואה,חסכונות והלוואות
פרעון כרטיס אשראי,ראה פירוט CC
פירוט אשראי חסר,לא ידוע
רכישת רכב,רכב